total_ratings,city,business_name,phone_number,address,profession,website,rating
44,Boston,Abacus Builders & General Contractors Inc.,+1 617-269-1213,neral contractor ·  · 190 Old Colony Ave,General Contractors,http://abacusbuilders.com/,4.9
13,Boston,A D Construction LLC,+1 617-201-1018,neral contractor · 22 Milford St,General Contractors,https://generalcontractorsboston.com/,4.9
281,Boston,Capital Construction Contracting,+1 617-319-1225,nstruction company · 3 Norwood St,General Contractors,http://www.capitalcons.com/,4.4
34,Boston,New England Design & Construction,+1 617-708-0676,chitect ·  · 103 Terrace St,General Contractors,https://www.nedesignbuild.com/?utm_source=GMBlisting&utm_medium=organic,5.0
34,Boston,Falcon General Contracting LLC,+1 781-702-0460,neral contractor · 275 Old Colony Ave Unit B,General Contractors,http://falconinvestmentco.com/,4.9
10,Boston,Unite Contractors,+1 617-315-6420,neral contractor · 12 Sackville St,General Contractors,http://unitecontractors.com/,5.0
4,Boston,A D Construction LLC,+1 617-201-1018,neral contractor · 1750 Washington St b1,General Contractors,http://www.345build.com/,5.0
15,Boston,Bryson Builders,+1 617-816-2091,neral contractor,General Contractors,https://brysonbuilders.com/,4.7
21,Boston,"Allston Contractors, Inc.",+1 617-202-5092,ntractor · 119 Braintree St # 302,General Contractors,http://www.allstoncontractors.com/,4.7
5,Boston,Gilbane Building Company,+1 617-478-3300,nstruction company ·  · 10 Channel Center St Suite 100,General Contractors,http://www.gilbaneco.com/,5.0
41,Boston,Suffolk Construction National Headquarters,+1 617-445-3500,nstruction company ·  · 65 Allerton St,General Contractors,http://www.suffolk.com/,4.3
29,Boston,DiPierro Construction,+1 617-592-6447,nstruction company ·  · 875 Massachusetts Ave,General Contractors,http://www.dipierroconstruction.com/,3.9
20,Boston,Benjamin Construction,+1 857-277-0819,nstruction company · 55 Rutland Square,General Contractors,https://benjamin-construction.com/,5.0
13,Boston,GDS Construction,+1 857-206-9434,neral contractor,General Contractors,https://glaydsonosilva.wixsite.com/gds-site,4.9
9,Boston,Malcolm Contracting Services LLC,+1 857-654-4330,neral contractor · 551 Talbot Ave,General Contractors,,5.0
10,Boston,Murray & Sons Contractors,+1 617-325-5958,neral contractor,General Contractors,http://murrayandsonscontractors.com/,4.9
