city,rating,website,profession,phone_number,address,business_name,total_ratings
Boston,4.4,http://usaspc.com/,Pool Maintenance and Repair,+1 617-991-0902,imming pool repair service · 1180 Beacon St suit 204,USA Swimming Pool Co.,14
Boston,5.0,https://www.affordablepool.com/,Pool Maintenance and Repair,+1 888-780-7665,imming pool contractor,Affordable Pool Inc.,1
Boston,5.0,https://ssgpools.com/,Pool Maintenance and Repair,+1 800-649-8080,imming pool contractor,SSG Pools,5
Boston,4.4,http://crowleypoolservice.com/,Pool Maintenance and Repair,+1 781-801-3539,imming pool repair service,Crowley Pool Service,32
Boston,5.0,https://sweetwaterpoolserviceinc.com/,Pool Maintenance and Repair,+1 781-938-6880,imming pool repair service · 285 Salem St,"Sweetwater Pool Service, Inc.",3
Boston,3.7,http://www.highsierrapools.com/,Pool Maintenance and Repair,+1 617-514-0550,imming pool contractor · 70 Kemble St,"High Sierra Pools, Inc",27
Boston,3.2,https://sweetwaterpoolserviceinc.com/,Pool Maintenance and Repair,+1 617-969-7665,imming pool repair service · 175 High St,Sweetwater Pool Service,37
Boston,5.0,,Pool Maintenance and Repair,,ntractor · 101 Arch St,Easy Pool Quote,1
Boston,4.9,http://southshorepoolsupply.com/,Pool Maintenance and Repair,+1 781-383-3300,imming pool repair service ·  · 754 Chief Justice Cushing Hwy,South Shore Pool Supply,133
Boston,4.5,http://www.ateampools.com/,Pool Maintenance and Repair,+1 781-545-1833,imming pool repair service,A-Team Gunite Pool Repair,8
Boston,3.6,http://www.puraquapools.com/,Pool Maintenance and Repair,+1 781-893-6300,imming pool repair service · 56 Emerson Rd,Puraqua Pools,47
Boston,4.8,http://www.centralpoolsandspas.com/,Pool Maintenance and Repair,+1 508-879-6660,imming pool contractor · 655 R Cochituate Rd,Central Pools,140
Boston,4.8,http://ambassadorpools.com/,Pool Maintenance and Repair,+1 800-752-9000,imming pool contractor · 1020 Turnpike St,Ambassador Pools,212
Boston,4.7,http://www.abramopoolandspa.com/,Pool Maintenance and Repair,+1 781-273-2330,imming pool contractor ·  · 292 Cambridge St,Abramo Pool & Spa,55
Boston,3.0,,Pool Maintenance and Repair,,imming pool contractor · 89 Garfield Rd,Best Pool Services,2
Boston,4.0,https://newenglandpoolandspa.com/,Pool Maintenance and Repair,+1 781-762-0074,imming pool repair service · 810 Providence Hwy,New England Pool & Spa,16
