total_ratings,phone_number,profession,rating,website,address,city,business_name
7,+1 617-267-3030,Smart Home Automation Installers,5.0,https://www.tsp.space/,me automation company ·  · 500 Harrison Ave Suite 108,Boston,TSP Smart Spaces
101,+1 617-610-9477,Smart Home Automation Installers,5.0,http://www.smartguysboston.com/,me automation company,Boston,Smart Guys
6,+1 774-512-0385,Smart Home Automation Installers,5.0,https://simplehome.net/,me automation company · 7 Tide St,Boston,simpleHome
3,+1 978-580-0195,Smart Home Automation Installers,5.0,https://www.todayssmarthome.com/,ntractor,Boston,Today's Smart Home
38,+1 781-333-8003,Smart Home Automation Installers,5.0,https://bostonautomations.com/,me automation company · Lafayette Ave,Boston,Boston Automations
180,+1 617-237-1684,Smart Home Automation Installers,4.6,https://www.alarmnewengland.com/home-security/boston,me automation company · 2 Park Plaza #305,Boston,Alarm New England Boston
10,+1 617-657-4848,Smart Home Automation Installers,5.0,https://getbluehome.com/,me automation company · 285 Hancock St #1330,Boston,Bluehome Custom Automation
26,+1 617-391-8919,Smart Home Automation Installers,4.6,http://sdiboston.com/,me automation company ·  · 33 Highland Ave,Boston,"Systems Design & Integration, Inc."
6,+1 617-409-5577,Smart Home Automation Installers,5.0,https://systemseven.com/,me automation company ·  · 19 Drydock Ave #130W,Boston,System 7 Experience Center
1,+1 781-333-8003,Smart Home Automation Installers,5.0,http://bostonautomations.com/,me automation company ·  · 7 Harvey Ln,Boston,Boston Automations
,+1 617-925-9224,Smart Home Automation Installers,,,me automation company,Boston,Zen Smart Homes
1,+1 617-433-7142,Smart Home Automation Installers,5.0,http://zentd.com/,me automation company,Boston,Zen Tech & Designs
16,+1 857-400-0598,Smart Home Automation Installers,5.0,,me automation company,Boston,Excellence Tech Services LLC
,+1 617-980-9007,Smart Home Automation Installers,,,me automation company,Boston,Tech Home Solution
92,+1 508-570-6746,Smart Home Automation Installers,5.0,https://www.heritagesmart.com/,me automation company · 4 Mill River Rd,Boston,Heritage Smart Technologies
,+1 617-315-1000,Smart Home Automation Installers,,https://www.yoursmartdomain.com/,me automation company,Boston,Smart Domain
